pc11_district_id,pc11_state_id,secc_cons_rural,secc_cons_pc_rural,secc_pov_rate_rural,secc_pov_rate_tend_rural,_mean_p_miss,_core_p_miss,_target_weight_share,_target_group_max_weight_share
055,04,118465.74586361079,28833.38118596586,0.07369825136828494,0.04525749065501217,0.0,0.0,1.0,1.0
001,01,84293.64566431899,13870.541270612148,0.4580609160043462,0.3353825091695477,0.0370337959183673,0.0370337959183673,1.0,1.0
002,01,92866.02488118014,14092.131782339347,0.458590995974449,0.2845706867878339,0.0055166482930868,0.0055166482930868,1.0,1.0
003,01,106954.23980469188,21553.439637445757,0.18149162850572562,0.1246900532925322,0.0,0.0,1.0,1.0
004,01,89645.11822956211,14729.781002332533,0.43469146729681846,0.3325938734208928,0.0,0.0,1.0,1.0
005,01,79866.3600256123,15536.869514914715,0.3855094587124589,0.26710282917430106,0.0,0.0,1.0,1.0
006,01,87543.58123614361,18650.651459433706,0.2893412270997109,0.18544416695524152,0.0003948476616715,0.0003948476616715,1.0,1.0
007,01,103127.92636469757,20419.930050257262,0.23527499280022665,0.1574790410977608,0.0057905308682758,0.0057905308682758,1.0,1.0
008,01,94368.48552032486,15895.597524971789,0.32554608100339477,0.21020421073966072,0.0811033760973134,0.0811033760973134,1.0,1.0
009,01,85216.3525427088,14006.853173242496,0.45703304172921555,0.33624954485428277,0.0036681137207033,0.0036681137207033,1.0,1.0
010,01,95356.92730218983,15800.124671715257,0.28122435542256974,0.16548857797850208,0.0,0.0,1.0,1.0
011,01,91612.33390201346,15317.357312615328,0.36851078215879496,0.24285060552206414,0.005818527437332,0.005818527437332,1.0,1.0
012,01,98022.3941537142,17770.912894694884,0.2372582317767257,0.14799581160159583,0.0,0.0,1.0,1.0
013,01,96162.58351689496,17037.442503093964,0.26786411762082063,0.17330255552643792,0.0301614936663264,0.0301614936663264,1.0,1.0
014,01,89755.38556258482,17260.1358914314,0.2653609397026554,0.17100812036329582,0.0,0.0,1.0,1.0
015,01,82231.64011715456,15226.348285243492,0.36403657539171613,0.26446205053956123,0.0,0.0,1.0,1.0
016,01,85132.10833258586,16745.175224885934,0.3053842734039916,0.19122922625194697,0.0109106235437259,0.0109106235437259,1.0,1.0
017,01,74605.41850571021,14864.662310994949,0.42769938203433294,0.30408172705371883,0.001276195099705,0.001276195099705,1.0,1.0
018,01,77338.89447447452,15876.314306173,0.38297406493496305,0.27783681780167563,0.0,0.0,1.0,1.0
019,01,91024.67820336916,16439.54472545582,0.3470342951665867,0.239733709239715,0.0002081575372053,0.0002081575372053,1.0,1.0
020,01,84992.83688784142,16747.200552623188,0.3918524413839281,0.27713947485483253,0.0159800605552871,0.0159800605552871,1.0,1.0
021,01,118948.43155784144,25160.589329727667,0.1368802239049557,0.09121339843202442,0.0150651354018915,0.0150651354018915,1.0,1.0
022,01,131330.10673387308,27450.2233774222,0.07990750715401493,0.05011750267718546,0.0125073977601278,0.0125073977601278,1.0,1.0
023,02,99808.33277607452,20487.110007875348,0.20800788441831258,0.13216073459198885,0.0010828785105554,0.0010828785105554,1.0,1.0
024,02,124075.26907979453,28673.681099761347,0.06507508708645665,0.03665639818991892,4.214092769072586e-06,4.214092769072586e-06,1.0,1.0
025,02,99271.55481688956,22328.474970003455,0.2034324852968753,0.14184699081628852,0.0024078063616779,0.0024078063616779,1.0,1.0
026,02,102067.5378882656,22003.130977725676,0.1490235001889489,0.08568014357515054,0.0006254539585183,0.0006254539585183,1.0,1.0
027,02,112533.50872970845,24930.954222520588,0.09777720447859659,0.0548242528590802,7.042704398485533e-05,7.042704398485533e-05,1.0,1.0
028,02,128854.62467475468,30040.805762001615,0.04661521972655467,0.025358791413821167,8.97627900164899e-05,8.97627900164899e-05,1.0,1.0
029,02,131037.52223374177,27751.69838062879,0.06347079790412334,0.03658320283609188,0.0088523075630957,0.0088523075630957,1.0,1.0
030,02,125576.0743152518,28346.20051982171,0.07018563787652723,0.03956136672621605,0.0017263267633895,0.0017263267633895,1.0,1.0
031,02,128465.99308362008,27241.764253828384,0.07342775335738723,0.042199265212278105,0.0003847979706089,0.0003847979706089,1.0,1.0
032,02,105296.43811200614,20222.150470916837,0.23423879381408183,0.15760852057488964,0.0,0.0,1.0,1.0
033,02,112287.37731381165,24824.825230748662,0.10579275748649498,0.0592469195381183,0.0001093593663032,0.0001093593663032,1.0,1.0
034,02,107126.16349696745,27197.223814077406,0.0958071067639946,0.05354135701750874,0.0018663591730958,0.0018663591730958,1.0,1.0
035,03,127917.26171128305,24878.411326047695,0.13110611385576687,0.0888904277376037,7.321519654657216e-06,7.321519654657216e-06,1.0,1.0
036,03,138378.1497010683,28565.32307344943,0.06411451382685196,0.04235726256225417,3.566695325374347e-05,3.566695325374347e-05,1.0,1.0
037,03,134713.99740577472,28290.562936009035,0.06966025213865312,0.04306018193350932,6.392753329798051e-05,6.392753329798051e-05,1.0,1.0
038,03,132230.6954094216,28563.349032620335,0.08873511287114971,0.05757896915317761,0.0,0.0,1.0,1.0
039,03,134226.46154813084,28641.1458119927,0.07144366394902531,0.04426962559321474,0.0,0.0,1.0,1.0
040,03,130704.11996468653,25235.394166711973,0.1271727665459284,0.08406272789065043,9.372452874334414e-05,9.372452874334414e-05,0.2680398710609035,0.7319601289390965
048,03,130704.11996468653,25235.394166711973,0.1271727665459284,0.08406272789065043,9.372452874334414e-05,9.372452874334414e-05,0.7319601289390965,0.7319601289390965
041,03,129511.76072590338,26719.26021889393,0.13801006788012074,0.09762835538160312,0.0,0.0,1.0,1.0
042,03,124317.69072037491,24247.600578613892,0.16813990892762182,0.11722808250512905,4.684450227721016e-05,4.684450227721016e-05,1.0,1.0
043,03,114361.81797295992,21839.199701203313,0.2334651378783218,0.1704437032490591,6.501783249512894e-05,6.501783249512894e-05,1.0,1.0
044,03,119608.17514530591,23143.654807097642,0.21536838773934402,0.14858554130438265,3.8479002008595664e-05,3.8479002008595664e-05,1.0,1.0
045,03,128721.71048674546,25799.998393251724,0.1280297758735617,0.07969846856533233,0.0,0.0,1.0,1.0
046,03,125456.44821891186,24732.725179498764,0.14562747396237308,0.09170492405710086,0.0,0.0,1.0,1.0
047,03,111824.42400102486,21962.54536415375,0.20472986445737137,0.14288261737142952,0.0,0.0,1.0,1.0
049,03,123094.45308506479,24405.84135310148,0.1406249750762587,0.09564828081070188,0.0,0.0,1.0,1.0
050,03,121398.81831515649,22487.544780176206,0.1784152727439552,0.12785206443582314,0.0,0.0,1.0,1.0
051,03,133938.54641945305,27116.16052824149,0.0907506248069934,0.06006001686795324,0.0110959337901858,0.0110959337901858,0.5296826941265859,0.5296826941265859
052,03,133938.54641945305,27116.16052824149,0.0907506248069934,0.06006001686795324,0.0110959337901858,0.0110959337901858,0.4703173058734142,0.5296826941265859
053,03,126074.42675925547,24478.95864364499,0.16371807600594981,0.11164425434984265,0.0013632325729193,0.0013632325729193,1.0,1.0
054,03,129349.88218478598,25056.745321105787,0.14044915653260978,0.09094279211604771,0.0,0.0,1.0,1.0
056,05,86562.67294332183,21470.355894645127,0.22934192106732568,0.15645209642634295,0.0286054398409318,0.0286054398409318,1.0,1.0
057,05,95375.14607868316,21837.986610413333,0.12532926904902988,0.07233736317095935,0.0290058366871457,0.0290058366871457,1.0,1.0
058,05,105073.35147311538,24021.697144356018,0.07964166573076295,0.04169718841121871,0.053972284386297,0.053972284386297,1.0,1.0
059,05,93484.3881831754,21880.0770671083,0.15978001365047856,0.09605462274827337,0.0733684164492193,0.0733684164492193,1.0,1.0
060,05,121753.83877718577,25011.49100821654,0.18259841185017311,0.12471434333413411,0.0006399444586506,0.0006399444586506,1.0,1.0
061,05,101786.54122466654,25130.065800029162,0.10128157408348785,0.05578827921889716,0.0768281561103298,0.0768281561103298,1.0,1.0
062,05,93983.89966312,21805.271789982915,0.14698847666170406,0.09291499204344009,0.0380249085382061,0.0380249085382061,1.0,1.0
063,05,93333.6499373496,21076.55215008107,0.13971051912255394,0.0826182026936147,0.0395384719658399,0.0395384719658399,1.0,1.0
064,05,95851.65555017586,21902.417237388854,0.12248316892783566,0.06719709452892823,0.040334385353593,0.040334385353593,1.0,1.0
065,05,93793.9987779865,19017.297080340377,0.20957189456380482,0.12901987615675656,0.0091005625720159,0.0091005625720159,1.0,1.0
066,05,109178.9924710183,22634.13380591114,0.16107451436057296,0.10138589369313285,0.0082110792954187,0.0082110792954187,1.0,1.0
067,05,104747.17210957759,20543.922150171602,0.2371437104675072,0.15518718194111883,0.0138305424321795,0.0138305424321795,1.0,1.0
068,05,103216.58152664783,18292.376132658064,0.28042933041661405,0.1832066343075833,0.0128502799567036,0.0128502799567036,1.0,1.0
069,06,116041.08815279353,22559.981809310993,0.15856057015543737,0.10260881644016455,0.013966942998199,0.013966942998199,0.2832936860966677,0.7167063139033323
070,06,116041.08815279353,22559.981809310993,0.15856057015543737,0.10260881644016455,0.013966942998199,0.013966942998199,0.7167063139033323,0.7167063139033323
071,06,109442.68301003899,20804.86288144253,0.20742796266181057,0.13800195026046805,0.08251953125,0.08251953125,1.0,1.0
072,06,116066.82367748964,22708.91176172029,0.18004181610601794,0.12093150058830046,0.0,0.0,1.0,1.0
073,06,109071.28877308188,20918.601143023123,0.17835057630636142,0.11466914594541212,0.0,0.0,1.0,1.0
074,06,107640.26289749864,20630.550747489066,0.20871053824550168,0.14030188948889774,0.0421591118877089,0.0421591118877089,0.6176347813407993,0.6176347813407993
075,06,107640.26289749864,20630.550747489066,0.20871053824550168,0.14030188948889774,0.0421591118877089,0.0421591118877089,0.3823652186592006,0.6176347813407993
076,06,115795.53051396209,22283.99735259841,0.14947593940729975,0.09584725207269937,3.411472782965941e-05,3.411472782965941e-05,1.0,1.0
077,06,110147.94309882073,22473.548588834343,0.15450429996208256,0.09566830397452843,0.0,0.0,1.0,1.0
078,06,111921.82116481947,21763.713217297485,0.19645131110919808,0.12973034574089357,0.0,0.0,1.0,1.0
079,06,117007.44588135555,23356.656649355966,0.18146198659410978,0.11985277517254997,0.0,0.0,1.0,1.0
080,06,112036.38573426552,21872.03242955859,0.15132710867472082,0.09545107602453619,0.0,0.0,1.0,1.0
081,06,115088.06170140882,22629.89597511375,0.13742657010755566,0.08919951757965253,0.0,0.0,1.0,1.0
082,06,119527.2713849861,23080.678392411628,0.12173511275722528,0.07546137119414209,0.023024518730489,0.023024518730489,1.0,1.0
083,06,122673.3057658171,24371.28085977639,0.11811710649144577,0.0776035995947137,0.0,0.0,1.0,1.0
084,06,120174.66266440852,22932.67796928835,0.11744205846873777,0.07342472923676908,0.0,0.0,1.0,1.0
085,06,127227.8070219052,25405.198502667525,0.08693703773852031,0.05253540148368798,4.498412060516266e-06,4.498412060516266e-06,1.0,1.0
086,06,111805.16521784294,19385.84991573854,0.2606102046512771,0.18591553753028212,0.0078499390539164,0.0078499390539164,0.3285098265123812,0.6714901734876187
087,06,111805.16521784294,19385.84991573854,0.2606102046512771,0.18591553753028212,0.0078499390539164,0.0078499390539164,0.6714901734876187,0.6714901734876187
088,06,123824.24351291268,22399.90091884921,0.1554636482943015,0.10415812344585348,0.0,0.0,1.0,1.0
089,06,112896.8078941744,19294.28094760946,0.23280462492991819,0.16219515484593533,0.0,0.0,1.0,1.0
090,07,137367.9921877001,28098.68545462744,0.06649396025676205,0.040980815588346584,0.0,0.0,0.5105693462707795,0.5105693462707795
091,07,137367.9921877001,28098.68545462744,0.06649396025676205,0.040980815588346584,0.0,0.0,0.0423489769521909,0.5105693462707795
092,07,137367.9921877001,28098.68545462744,0.06649396025676205,0.040980815588346584,0.0,0.0,0.0513719388509982,0.5105693462707795
093,07,137367.9921877001,28098.68545462744,0.06649396025676205,0.040980815588346584,0.0,0.0,0.0084239765942316,0.5105693462707795
096,07,137367.9921877001,28098.68545462744,0.06649396025676205,0.040980815588346584,0.0,0.0,0.015320659981577,0.5105693462707795
097,07,137367.9921877001,28098.68545462744,0.06649396025676205,0.040980815588346584,0.0,0.0,0.3428677793634051,0.5105693462707795
098,07,137367.9921877001,28098.68545462744,0.06649396025676205,0.040980815588346584,0.0,0.0,0.0290973219868175,0.5105693462707795
099,08,93868.200357611,19018.345089465194,0.296030692653069,0.20891922114037473,0.027356500778386,0.027356500778386,1.0,1.0
100,08,98931.76056048664,19316.169313242983,0.257193866006107,0.18146604812203596,0.0018557421985805,0.0018557421985805,1.0,1.0
101,08,90282.02268529825,15506.85172861811,0.36046733395928,0.24853536125104084,0.0007003280349306,0.0007003280349306,1.0,1.0
102,08,93278.72571378676,17398.702442844613,0.2731355371876076,0.19174473691075422,0.0044911816482062,0.0044911816482062,1.0,1.0
103,08,115154.02022826746,21121.091281869292,0.1381916461344474,0.08593299631867923,0.0187115510878258,0.0187115510878258,1.0,1.0
104,08,102492.91836555924,18412.697756119756,0.2518794866707823,0.18210924856071456,0.0196890231277134,0.0196890231277134,0.3969839647414935,0.4146793441286764
109,08,102492.91836555924,18412.697756119756,0.2518794866707823,0.18210924856071456,0.0196890231277134,0.0196890231277134,0.18833669112983,0.4146793441286764
110,08,102492.91836555924,18412.697756119756,0.2518794866707823,0.18210924856071456,0.0196890231277134,0.0196890231277134,0.4146793441286764,0.4146793441286764
105,08,101940.29802976438,17581.485346856778,0.2910615925203899,0.21329015177947572,0.0009857000442687,0.0009857000442687,1.0,1.0
106,08,82290.43149158785,14887.991306452823,0.4329690359221727,0.3431660477088171,0.012098228901869,0.012098228901869,1.0,1.0
107,08,87946.3151169082,17305.450548726236,0.32143716529364386,0.24073189542744675,0.0182067713158885,0.0182067713158885,1.0,1.0
108,08,84376.59261334653,17125.909326946512,0.32712618098972995,0.2480223213780856,0.0064363511192759,0.0064363511192759,1.0,1.0
111,08,112243.10500918992,19915.098578276833,0.1716117755891931,0.11185704888664658,0.0213714509987388,0.0213714509987388,1.0,1.0
112,08,98841.56339288555,18418.88555324539,0.23021148937959357,0.1579584267481055,0.006969754045906,0.006969754045906,1.0,1.0
113,08,97730.2209495228,18014.601994123546,0.2570567823716307,0.1829399516854495,0.0114057454311591,0.0114057454311591,1.0,1.0
114,08,81275.21770661218,15498.920358721538,0.4070188964919746,0.3092355490664116,0.0184233268031689,0.0184233268031689,1.0,1.0
115,08,77634.57191993001,14942.251768794158,0.43610958260925725,0.34405371186130396,0.0106263063015449,0.0106263063015449,1.0,1.0
116,08,86110.80857174852,16166.698948445588,0.3799882346707111,0.2830468891830219,0.0031216923329209,0.0031216923329209,1.0,1.0
117,08,78320.00778292805,14949.248212209039,0.44554662498033654,0.36544268755826614,0.0117869932293654,0.0117869932293654,1.0,1.0
118,08,91767.01456279914,18854.842477919236,0.2768364615095092,0.2060842708753903,0.0038457954559141,0.0038457954559141,1.0,1.0
119,08,92960.87668375534,18198.170906767635,0.24745355003655603,0.17393302654137727,0.0300554004091385,0.0300554004091385,1.0,1.0
120,08,84484.07703862383,17250.10470530344,0.3239181877385816,0.24419418769647205,0.0362122973569299,0.0362122973569299,1.0,1.0
121,08,75802.02438658012,15955.812517473405,0.38669152015475083,0.3067879692014767,0.0337737346671095,0.0337737346671095,1.0,1.0
122,08,85666.32113639379,18062.69272967489,0.2927451476499587,0.21692642429910053,0.0310886458927278,0.0310886458927278,1.0,1.0
123,08,86851.05003705776,18075.904480015222,0.27575559581686976,0.20143948230472675,0.0076893265362976,0.0076893265362976,1.0,1.0
124,08,59372.33086050476,13064.9018105502,0.5912557490045004,0.5018382488225811,0.0144267350049122,0.0144267350049122,1.0,1.0
125,08,68020.932192154,14682.388152555968,0.5020958875653685,0.4097314833379536,0.0417430541219158,0.0417430541219158,0.44828816484603,0.44828816484603
126,08,68020.932192154,14682.388152555968,0.5020958875653685,0.4097314833379536,0.0417430541219158,0.0417430541219158,0.3380083485034412,0.44828816484603
131,08,68020.932192154,14682.388152555968,0.5020958875653685,0.4097314833379536,0.0417430541219158,0.0417430541219158,0.2137034866505287,0.44828816484603
127,08,83655.75538774971,16846.80815267341,0.3473465403244713,0.26633194578949626,0.0234200502481136,0.0234200502481136,0.4443096793885772,0.5556903206114228
128,08,83655.75538774971,16846.80815267341,0.3473465403244713,0.26633194578949626,0.0234200502481136,0.0234200502481136,0.5556903206114228,0.5556903206114228
129,08,74906.23554987609,15670.552842702746,0.38602689781151245,0.29538577787077863,0.0573758840044067,0.0573758840044067,1.0,1.0
130,08,68184.2207186655,14541.207395542036,0.49459444255993484,0.40897926659077416,0.0287049480608488,0.0287049480608488,1.0,1.0
132,09,114854.2544174327,21047.506830594324,0.17250479873645194,0.10038917188556032,0.0153917568387436,0.0153917568387436,1.0,1.0
133,09,116118.48405536877,20178.50446103643,0.1730499082044324,0.10017409509199818,0.0153478761601517,0.0153478761601517,1.0,1.0
134,09,94424.0696040251,16786.8768252122,0.3247855085824614,0.21165016018688798,0.0376270988514184,0.0376270988514184,1.0,1.0
135,09,94062.75394081282,15764.941537311433,0.3588802870266133,0.24419938784148965,0.0007969652164859,0.0007969652164859,1.0,1.0
136,09,90198.64000989609,16148.155429359913,0.34355526505637674,0.23117049059976172,0.0036974035756067,0.0036974035756067,1.0,1.0
137,09,105404.50436170322,19000.895755650414,0.1971538192628299,0.12393160759012738,0.0014672372508881,0.0014672372508881,1.0,1.0
138,09,104821.96795566505,17508.381856483917,0.3004442430453612,0.2056766174284762,0.0187277345834716,0.0187277345834716,1.0,1.0
139,09,107587.32564648948,18436.60253856703,0.2449647043852806,0.15913131327115132,0.0077371809774684,0.0077371809774684,1.0,1.0
140,09,115018.19972973817,19676.857405571907,0.21633788979054044,0.13974161644321184,0.0051214602349551,0.0051214602349551,1.0,1.0
141,09,125876.22149840007,21286.221711075268,0.13955747820752595,0.0866882191878167,0.0,0.0,1.0,1.0
142,09,108434.49640209349,18944.35814536686,0.21584546521965683,0.1379701232452774,0.0063828445189536,0.0063828445189536,1.0,1.0
143,09,106107.56783629877,18794.51897501939,0.2108325261199083,0.12805053473456168,0.0145895018435314,0.0145895018435314,1.0,1.0
144,09,114170.53825321163,20424.975383856334,0.18309398923378084,0.11635900647928793,0.0031192802035689,0.0031192802035689,1.0,1.0
145,09,119009.64008724023,21568.947837346008,0.15693710607398062,0.0980889163556768,0.0,0.0,1.0,1.0
146,09,119953.02205776039,19842.52445076285,0.19198813514754942,0.1236269221366471,0.000476905974354,0.000476905974354,1.0,1.0
147,09,102342.60641638454,17879.368370655033,0.2386891959177557,0.15046024871910654,0.0019994150104475,0.0019994150104475,1.0,1.0
148,09,93011.2762901238,15719.352311662997,0.3336121466049296,0.22078164227383107,0.0164389682340275,0.0164389682340275,1.0,1.0
149,09,87268.49904852493,14670.519944195552,0.4259995067626187,0.30270006897328056,0.0187607352712161,0.0187607352712161,1.0,1.0
150,09,87885.52062436499,15359.21657808615,0.3760501726873657,0.25807206698408874,0.0255855136373895,0.0255855136373895,1.0,1.0
151,09,79661.48158615502,14354.661543234955,0.43906086113831616,0.30853374767278696,0.0216415653325331,0.0216415653325331,1.0,1.0
152,09,80814.3533867628,14622.051876689315,0.4444019251644197,0.32139365282161697,0.0300943523709961,0.0300943523709961,1.0,1.0
153,09,78183.33460706503,14219.886031519767,0.4584532479211855,0.34335221520060544,0.0297235442423589,0.0297235442423589,1.0,1.0
154,09,74978.57795179675,13972.718638125225,0.4747077198890885,0.35413154881231224,0.0437194298908633,0.0437194298908633,1.0,1.0
155,09,83788.1065834461,14898.403607128263,0.41097007500456023,0.2927277752873244,0.0400023767691652,0.0400023767691652,1.0,1.0
156,09,84080.183793762,15728.714537319342,0.3494056079923231,0.23352971815210027,0.0264297143540181,0.0264297143540181,1.0,1.0
157,09,90105.07594821793,16776.28768221564,0.3277008222758375,0.2219377105605523,0.0115021388381278,0.0115021388381278,1.0,1.0
158,09,84720.32495609822,15926.22045986248,0.36037496605030567,0.2419979038582055,0.0118334923830467,0.0118334923830467,1.0,1.0
159,09,89567.65743014199,15354.455761762127,0.383333741518152,0.266086562817399,0.0038454233743743,0.0038454233743743,1.0,1.0
160,09,89254.31366646149,15567.79380705521,0.35781935594798664,0.246853661053682,0.0238272973414984,0.0238272973414984,1.0,1.0
161,09,92175.17935999198,16520.349936330924,0.31231179473291276,0.2065147792177399,0.0,0.0,1.0,1.0
162,09,89521.95124119736,16865.78103662329,0.3054309700332526,0.20254977310419436,0.0,0.0,1.0,1.0
163,09,87943.68606655013,16150.205827356049,0.3387004905244937,0.23362395710357348,0.0007099012115771,0.0007099012115771,1.0,1.0
164,09,85939.34187773943,16155.841747745248,0.34788918191347545,0.24077814162685668,0.0007824361292597,0.0007824361292597,1.0,1.0
165,09,94828.21505067818,17140.17098246336,0.30472057236989225,0.2026150721269062,0.0051145724009774,0.0051145724009774,1.0,1.0
166,09,96470.56174504328,19052.043638089606,0.20902818916560495,0.1292229863950112,0.0043489119995467,0.0043489119995467,1.0,1.0
167,09,94614.68080097449,17823.173852390486,0.23686558923379683,0.15209838714143603,0.019471159820075,0.019471159820075,1.0,1.0
168,09,86821.87712288009,15883.10351036366,0.36102671007668385,0.2408023894710761,0.0111075458640462,0.0111075458640462,1.0,1.0
169,09,89304.47561162211,16214.799712918892,0.3358110881185169,0.2245165055199675,0.018218098778268,0.018218098778268,1.0,1.0
170,09,80249.57778156697,14713.372054268555,0.4384542951091686,0.30828954871799674,2.297107941107157e-05,2.297107941107157e-05,1.0,1.0
171,09,79435.40263157265,14368.065526648694,0.46943522500497636,0.34511059341289985,0.0010799666740376,0.0010799666740376,1.0,1.0
172,09,84150.15084115426,15747.920525229112,0.36484693670798984,0.25023148814996277,0.0302721206193686,0.0302721206193686,1.0,1.0
173,09,90662.41870553429,15760.092283285067,0.3612186157015461,0.2466570643254744,0.0513019714894925,0.0513019714894925,1.0,1.0
174,09,79950.20113738292,14595.168693664895,0.44387397040388016,0.30771531437556376,0.004627357403365,0.004627357403365,1.0,1.0
175,09,90545.5381948337,15535.34301995772,0.3847157516839383,0.27519185518446637,0.0125122782057329,0.0125122782057329,1.0,1.0
176,09,86062.36026611559,15985.723583523646,0.36783071915961935,0.26349040539211904,0.040466624071298,0.040466624071298,1.0,1.0
177,09,85278.07151941171,14807.81938573739,0.4117238975931131,0.2892730238345976,0.0057651251230204,0.0057651251230204,1.0,1.0
178,09,92405.93059962356,14912.70209171496,0.3889058566465854,0.26848078720758944,0.0229623863688964,0.0229623863688964,1.0,1.0
179,09,88164.67881327862,17079.12799692485,0.35461519220908067,0.24787898489515314,0.0387290006869229,0.0387290006869229,1.0,1.0
180,09,73961.26133558036,13890.981042693327,0.4842902643042915,0.356911430505629,0.0255564916298003,0.0255564916298003,1.0,1.0
181,09,78713.87398226575,14735.604867913773,0.43892786406009476,0.3164561165106899,0.0374761752905317,0.0374761752905317,1.0,1.0
182,09,83696.9616093419,13854.104608231877,0.4891697004330559,0.3636033939676178,0.0834803866670298,0.0834803866670298,1.0,1.0
183,09,84791.25075368324,14687.324604375275,0.429737275674788,0.3051433895079033,0.0474793464406695,0.0474793464406695,1.0,1.0
184,09,86306.55066095416,14464.403515327764,0.4531518845448341,0.32393164240010824,0.1130931882935338,0.1130931882935338,1.0,1.0
185,09,86581.59438648148,14542.466560226932,0.43421069426760045,0.30746210457040907,0.1016748432212114,0.1016748432212114,1.0,1.0
186,09,85081.9400786021,13722.803269949409,0.4702207556955296,0.33319320728465385,0.075908264698245,0.075908264698245,1.0,1.0
187,09,86804.76063077878,14410.445239721159,0.3979445276055157,0.2740741017582641,0.0890934923624681,0.0890934923624681,1.0,1.0
188,09,87335.51668818734,15272.029343579714,0.3965475352410374,0.2780729311760148,0.0669386029495395,0.0669386029495395,1.0,1.0
189,09,86257.04768051284,14848.032623422707,0.3926319337010067,0.26614274421073725,0.1017083490728666,0.1017083490728666,1.0,1.0
190,09,95119.70771730159,15301.726651157982,0.34863012449494496,0.23235834728621005,0.0873169948526351,0.0873169948526351,1.0,1.0
191,09,105171.48145817533,15904.976140909595,0.3277047250401038,0.22627350948565908,0.0685378930328832,0.0685378930328832,1.0,1.0
192,09,94847.3589212813,14751.23785583045,0.38970541325984415,0.2701054786087714,0.0473335442592983,0.0473335442592983,1.0,1.0
193,09,89296.47687655984,14246.20611722071,0.43255409283102325,0.3134727274819692,0.0354509114629905,0.0354509114629905,1.0,1.0
194,09,99048.4703216779,15775.468022945015,0.34829243741548843,0.24065211908605502,0.0960019519609299,0.0960019519609299,1.0,1.0
195,09,96327.53696185362,15231.100346756102,0.3697373647522413,0.2587149666544951,0.0664097757619157,0.0664097757619157,1.0,1.0
196,09,88992.18060908628,15087.803594746414,0.39726821859809014,0.28679567406043477,0.0892320970083668,0.0892320970083668,1.0,1.0
197,09,96440.73861756791,15600.562560286828,0.3537690063534105,0.25221675821059014,0.1211992556940845,0.1211992556940845,1.0,1.0
198,09,90900.3489890955,14387.28267922756,0.43702518612889435,0.3294065131868218,0.0254004897283809,0.0254004897283809,1.0,1.0
199,09,86498.89145212596,14799.224334699626,0.42131896398903973,0.31174230293701644,0.0730937846462482,0.0730937846462482,1.0,1.0
200,09,76268.03939588623,14009.56930065007,0.47437802966469633,0.35612387091678716,0.0524952251525464,0.0524952251525464,1.0,1.0
201,09,93121.41168102752,15687.085857071523,0.3478871486734566,0.23425052897416276,0.0081422628918609,0.0081422628918609,1.0,1.0
202,09,87601.72006648403,14894.869386397235,0.40074186817565444,0.2731865368460178,0.0059389888830069,0.0059389888830069,1.0,1.0
203,10,78911.59372939651,15752.680710331166,0.3872717435767215,0.273122221240117,0.1094981559212813,0.1094981559212813,1.0,1.0
204,10,79121.84434187188,15458.226897395227,0.40553127203114125,0.28907824773031643,0.0193574836080159,0.0193574836080159,1.0,1.0
205,10,75384.85301828285,17888.759290920523,0.3101190479989781,0.19948905021258936,0.0126136309362711,0.0126136309362711,1.0,1.0
206,10,76086.18134829012,16924.93474393212,0.3373958246810943,0.22780602562044294,0.020367600390464,0.020367600390464,1.0,1.0
207,10,77483.43748652714,15511.208556273665,0.36134866244850766,0.23875729808963547,0.0296376416935821,0.0296376416935821,1.0,1.0
208,10,74060.43869508122,15208.87146020509,0.36491518229525727,0.24615210464918316,0.0313724677634001,0.0313724677634001,1.0,1.0
209,10,69361.06663416226,14170.84885188006,0.4414805764156638,0.3173177681424581,0.069756530215015,0.069756530215015,1.0,1.0
210,10,69138.24072030706,13813.521527182154,0.46731648679241344,0.3432209677333659,0.1600449101111178,0.1600449101111178,1.0,1.0
211,10,72041.96716601834,14649.51637925897,0.4215328539358447,0.29485864837810777,0.0794458131703914,0.0794458131703914,1.0,1.0
212,10,69967.83558339904,14239.127062876143,0.4437270874467095,0.32713805790516587,0.1044899430038606,0.1044899430038606,1.0,1.0
213,10,77534.00937844692,14309.461117977204,0.4343988758187873,0.3150546330329837,0.0361206950476995,0.0361206950476995,0.33431094728433,0.66568905271567
236,10,77534.00937844692,14309.461117977204,0.4343988758187873,0.3150546330329837,0.0361206950476995,0.0361206950476995,0.66568905271567,0.66568905271567
214,10,72137.3175103976,14030.657494309118,0.4603668215418418,0.3377310498582797,0.0449320890007057,0.0449320890007057,1.0,1.0
215,10,71028.09778111531,15039.076149079037,0.4044272482478779,0.29802574532628967,0.0385199224435623,0.0385199224435623,1.0,1.0
216,10,80201.9505052647,15424.212215547073,0.38158512817761236,0.2669859092153002,0.0468983129246602,0.0468983129246602,0.347951399327241,0.347951399327241
221,10,80201.9505052647,15424.212215547073,0.38158512817761236,0.2669859092153002,0.0468983129246602,0.0468983129246602,0.3307568654999047,0.347951399327241
224,10,80201.9505052647,15424.212215547073,0.38158512817761236,0.2669859092153002,0.0468983129246602,0.0468983129246602,0.19579863735635,0.347951399327241
233,10,80201.9505052647,15424.212215547073,0.38158512817761236,0.2669859092153002,0.0468983129246602,0.0468983129246602,0.1254930978165042,0.347951399327241
217,10,88911.1098671153,15280.93390656711,0.3780801168666521,0.2599594463663868,0.0444250954586245,0.0444250954586245,1.0,1.0
218,10,88463.872625911,14910.648123798155,0.39272244274299534,0.27662945848803516,0.0392022242054219,0.0392022242054219,1.0,1.0
219,10,85119.81920997328,15179.679259879322,0.4027214917958858,0.2859358358424293,0.0664494561864693,0.0664494561864693,1.0,1.0
220,10,77412.32042417901,14591.166659472006,0.41411365655869475,0.2995642847041532,0.0301673052433182,0.0301673052433182,1.0,1.0
222,10,74178.1385193639,14949.441350888012,0.4125620435069706,0.303577182417988,0.1217673212763847,0.1217673212763847,1.0,1.0
223,10,75182.4576315193,15202.936673930477,0.38934259594245973,0.2703087795515904,0.0588987844102176,0.0588987844102176,1.0,1.0
225,10,74836.00005084343,14609.970104589187,0.42279537252208377,0.30547278436885716,0.0542769105401207,0.0542769105401207,1.0,1.0
226,10,77088.62785982582,15883.515025561586,0.3679911517869688,0.2556261641340596,0.0863569399936211,0.0863569399936211,1.0,1.0
227,10,79999.7530596021,13685.527558144177,0.47409639366753514,0.35389936922501253,0.0836227023864059,0.0836227023864059,1.0,1.0
228,10,79451.78739730622,13658.885916467807,0.48106588535262856,0.3593988636890869,0.0321822732961656,0.0321822732961656,1.0,1.0
229,10,77566.54263787017,13908.846324225671,0.46845100230131864,0.3486207900727181,0.0152316821633889,0.0152316821633889,1.0,1.0
230,10,77035.37085450467,14193.70669805688,0.46007946767445057,0.35244106540842585,0.0377878229476138,0.0377878229476138,1.0,1.0
231,10,84780.85011915666,14845.126669155092,0.40696921490749816,0.29955609150996554,0.0381249716704311,0.0381249716704311,1.0,1.0
232,10,92083.47935799128,15448.191073333002,0.3777428694090568,0.27051578488193034,0.0457138261559305,0.0457138261559305,1.0,1.0
234,10,86164.12967283784,14859.376919948254,0.4137131531028668,0.3084035388148748,0.0447232059042246,0.0447232059042246,1.0,1.0
235,10,82248.62733862633,14110.015114861004,0.4560107152468605,0.3424138856309569,0.0828961553373778,0.0828961553373778,1.0,1.0
237,10,77115.51167653198,12660.132131565495,0.5281028999995575,0.40565930802769673,0.0119227358006994,0.0119227358006994,1.0,1.0
238,10,78223.93584154679,14213.041310560919,0.4260896437459558,0.30652487769968517,0.0475557746032374,0.0475557746032374,1.0,1.0
239,10,77820.39627379588,13210.601398104754,0.5050451739928755,0.38967695560934934,0.0209268197596849,0.0209268197596849,1.0,1.0
240,10,81965.97983868045,14263.717603990872,0.44073693308675377,0.3235179721319418,0.0171311291013476,0.0171311291013476,1.0,1.0
241,11,88227.75648937402,19246.52337036394,0.3061281886833574,0.20826851177397354,0.1018814795853065,0.1018814795853065,1.0,1.0
242,11,83901.57655974687,17568.23727087249,0.28961195168879733,0.1904916634737363,0.0,0.0,1.0,1.0
243,11,87952.36272177295,19664.85754709848,0.24623929758721105,0.15550058378011442,0.0,0.0,1.0,1.0
244,11,92936.2108588881,21494.849915935945,0.21162995253605182,0.13218273667909494,0.0,0.0,1.0,1.0
245,12,71015.38840251976,18267.938093504996,0.39697607556552633,0.2912647535939271,0.0,0.0,1.0,1.0
246,12,92446.89746846013,22092.541952359235,0.1795386541579996,0.1244949324126437,0.0004263765345879,0.0004263765345879,1.0,1.0
247,12,69260.67804178188,14357.30310900309,0.48908442574164973,0.4298609496067096,0.0166224726549553,0.0166224726549553,1.0,1.0
248,12,91194.01448642317,18093.35578503948,0.3227371785318588,0.24525085294654847,0.0043662471563041,0.0043662471563041,0.3323106463798969,0.3745580531379792
255,12,91194.01448642317,18093.35578503948,0.3227371785318588,0.24525085294654847,0.0043662471563041,0.0043662471563041,0.2931313004821238,0.3745580531379792
256,12,91194.01448642317,18093.35578503948,0.3227371785318588,0.24525085294654847,0.0043662471563041,0.0043662471563041,0.3745580531379792,0.3745580531379792
249,12,72712.51849900908,14666.342944908536,0.47049422208050357,0.395937965234367,0.0019987721828019,0.0019987721828019,1.0,1.0
250,12,88604.71671188426,18312.355899828235,0.3095323234974882,0.2316678574781022,0.0,0.0,1.0,1.0
251,12,90505.05738850114,18747.820465602246,0.2944820399414827,0.21867619783401532,0.0028499979044133,0.0028499979044133,1.0,1.0
252,12,69003.10873245957,15276.073594913269,0.5063083529970939,0.4316807505522121,0.0,0.0,1.0,1.0
253,12,84086.73586186203,16349.910789947466,0.35545280020001296,0.26464755521971645,0.0665049070528225,0.0665049070528225,1.0,1.0
254,12,85920.05087893196,15800.335595426419,0.38000497515274656,0.27596301508331483,0.0,0.0,1.0,1.0
257,12,88728.00816549208,19806.98741334653,0.2242948793876594,0.15390925713918158,0.0,0.0,0.1163296143735381,0.8836703856264618
258,12,88728.00816549208,19806.98741334653,0.2242948793876594,0.15390925713918158,0.0,0.0,0.8836703856264618,0.8836703856264618
259,12,76793.8812821201,16231.122048397923,0.38242019404829003,0.28916423948133074,0.0047347562574449,0.0047347562574449,0.8487799761763847,0.8487799761763847
260,12,76793.8812821201,16231.122048397923,0.38242019404829003,0.28916423948133074,0.0047347562574449,0.0047347562574449,0.1512200238236153,0.8487799761763847
261,13,63724.237281436086,10346.7871181193,0.7267624954419313,0.6137802210621564,0.0,0.0,1.0,1.0
262,13,91418.64905462066,19559.99632274974,0.24349927795443305,0.14648981549202514,0.0153495035889904,0.0153495035889904,1.0,1.0
263,13,82178.73234183658,16067.704672886639,0.36952990981610917,0.2592297415889842,0.0,0.0,1.0,1.0
264,13,75820.06630644083,14719.22844450068,0.46613740672847653,0.3569692147159064,0.0,0.0,1.0,1.0
265,13,112982.28985634574,23327.378977839682,0.18566377120590477,0.11969772275069064,0.0029567485713654,0.0029567485713654,1.0,1.0
266,13,76169.20743628657,17346.85321095102,0.33248178610681595,0.23429662813031343,0.0,0.0,1.0,1.0
267,13,67501.81180835306,12516.728374065277,0.5545267047595439,0.44260413895754863,0.0,0.0,1.0,1.0
268,13,74750.58644357545,18512.759751602483,0.2684402880391238,0.1682910065161934,0.0,0.0,1.0,1.0
269,13,60116.87634113579,12116.526821877895,0.5956121936729524,0.5076601846537513,0.0,0.0,1.0,1.0
270,13,90413.97557337857,17878.590879643405,0.358101596333127,0.2625200578689123,0.0,0.0,1.0,1.0
271,13,76274.9750923945,14350.061763557804,0.4744717040299532,0.3101833193033978,0.0,0.0,1.0,1.0
272,14,80502.1881796923,14041.956295169555,0.45324874199789017,0.3102774413240293,0.0022558048813582,0.0022558048813582,1.0,1.0
273,14,69020.13685501803,12191.168723702696,0.5755335184370319,0.44639704803237557,0.0311490007255458,0.0311490007255458,1.0,1.0
274,14,79774.65138330351,14428.480612712026,0.4585069520996841,0.3437312252043819,0.0143283838834025,0.0143283838834025,1.0,1.0
275,14,87959.82572839867,16861.600524387242,0.2851303533802046,0.1737526072942532,0.0055505890829519,0.0055505890829519,1.0,1.0
276,14,83762.8063968734,16740.92585814879,0.2826775347790595,0.17701241230575113,0.0661952849520925,0.0661952849520925,1.0,1.0
277,14,95581.49645325834,20431.693596305926,0.18553995307629279,0.10335227274364245,0.000671405800741,0.000671405800741,1.0,1.0
278,14,90005.16455089508,18065.87864921888,0.2753432022174766,0.1756684186982,0.0097359530387752,0.0097359530387752,1.0,1.0
279,14,71429.07304256366,14020.098893236596,0.4703773646387154,0.3603565734593319,0.0,0.0,1.0,1.0
280,14,80868.06443778539,16401.022356628197,0.35553378145816944,0.252469597297708,0.0,0.0,1.0,1.0
281,15,78156.53569631606,16753.682711634232,0.3853900165957747,0.29583299123977175,0.1277365362262689,0.1277365362262689,0.2215110422316931,0.3008570321580782
282,15,78156.53569631606,16753.682711634232,0.3853900165957747,0.29583299123977175,0.1277365362262689,0.1277365362262689,0.114922898101511,0.3008570321580782
283,15,78156.53569631606,16753.682711634232,0.3853900165957747,0.29583299123977175,0.1277365362262689,0.1277365362262689,0.2651840371948857,0.3008570321580782
287,15,78156.53569631606,16753.682711634232,0.3853900165957747,0.29583299123977175,0.1277365362262689,0.1277365362262689,0.3008570321580782,0.3008570321580782
288,15,78156.53569631606,16753.682711634232,0.3853900165957747,0.29583299123977175,0.1277365362262689,0.1277365362262689,0.0975249903138318,0.3008570321580782
284,15,80771.25736726966,17521.539932560834,0.33114830966792047,0.22621680540987937,0.0,0.0,1.0,1.0
285,15,86491.65875341564,17918.913416753207,0.2993016264328521,0.19614327367519638,0.0008202199404581,0.0008202199404581,1.0,1.0
286,15,75972.26392331829,16046.548006983157,0.39451669453599053,0.28412021498543855,0.0949113038974491,0.0949113038974491,1.0,1.0
289,16,65955.53176674145,15731.393189768754,0.36331017770850105,0.29257152561670424,0.0001392995522377,0.0001392995522377,1.0,1.0
290,16,67575.02122027356,16229.384729582365,0.3209494354697616,0.2384887221915211,0.0,0.0,1.0,1.0
291,16,60013.5483763183,13880.24724385964,0.4701270043043458,0.39203455880245,0.0,0.0,1.0,1.0
292,16,65653.27562774911,14380.022414019824,0.4340864543915459,0.3416450541864563,0.0,0.0,1.0,1.0
293,17,65957.47361251607,12944.275403493775,0.54948988055195,0.45224145780183117,0.0205708994375289,0.0205708994375289,0.8147988349225097,0.8147988349225097
295,17,65957.47361251607,12944.275403493775,0.54948988055195,0.45224145780183117,0.0205708994375289,0.0205708994375289,0.1852011650774902,0.8147988349225097
294,17,68033.80691272591,12828.572983777456,0.5706055167551531,0.46601908491664445,0.0079473096734855,0.0079473096734855,0.2094125279529098,0.3514940223041842
296,17,68033.80691272591,12828.572983777456,0.5706055167551531,0.46601908491664445,0.0079473096734855,0.0079473096734855,0.2603883838302697,0.3514940223041842
297,17,68033.80691272591,12828.572983777456,0.5706055167551531,0.46601908491664445,0.0079473096734855,0.0079473096734855,0.1787050659126362,0.3514940223041842
298,17,68033.80691272591,12828.572983777456,0.5706055167551531,0.46601908491664445,0.0079473096734855,0.0079473096734855,0.3514940223041842,0.3514940223041842
299,17,83012.96618685698,16448.614409663416,0.42160070233141816,0.31918517193411955,0.0029125101583337,0.0029125101583337,1.0,1.0
300,18,72913.79447387772,14851.390473685009,0.3965408599908657,0.2958723591557036,0.0242753853936729,0.0242753853936729,1.0,1.0
301,18,58823.12830514038,12470.43138820003,0.5516707400577171,0.467828407641407,0.0072498348664638,0.0072498348664638,1.0,1.0
302,18,67067.10016934495,13383.312939902386,0.5019080307336647,0.411062424502637,0.0043154917534458,0.0043154917534458,1.0,1.0
303,18,66190.78292857202,13459.240443072607,0.5068301343927346,0.4241685584025404,0.0008730693042413,0.0008730693042413,1.0,1.0
304,18,69174.29560742898,13747.223283228657,0.4922583979825046,0.4012324463666653,0.0249828926905132,0.0249828926905132,1.0,1.0
305,18,74848.58719672373,14801.090566600891,0.4284258676436194,0.32087574538729985,0.0215016172052053,0.0215016172052053,1.0,1.0
306,18,76762.55838103029,15510.961061156937,0.39314155648400423,0.2874157999437969,0.02095454116948,0.02095454116948,1.0,1.0
307,18,78504.85024029911,15532.086696002696,0.40550401747736337,0.30729625962219287,0.0100872524726441,0.0100872524726441,1.0,1.0
308,18,77495.46606042745,15458.80869465253,0.39638331053646947,0.2935777110715748,0.0246657510880334,0.0246657510880334,1.0,1.0
309,18,78571.43097510464,15659.604124526613,0.40110347920820844,0.29061243269201253,0.0176986905395669,0.0176986905395669,1.0,1.0
310,18,80154.69129367171,16971.256755449882,0.37798534241540677,0.27656713953522244,0.0268814572258579,0.0268814572258579,1.0,1.0
311,18,86942.01470878038,18789.965664798772,0.3016442534026991,0.21645222307846262,0.0226782355416281,0.0226782355416281,1.0,1.0
312,18,82086.15435884286,17443.261884264528,0.3170906587014259,0.22263452603476763,0.2346768809322238,0.2346768809322238,1.0,1.0
313,18,78050.35092141594,16806.750660090718,0.33877013113874876,0.24226625919126282,0.0446761705078253,0.0446761705078253,1.0,1.0
314,18,76714.4895324698,14033.517689845583,0.46337303544226577,0.33748998183461454,0.0668336995329325,0.0668336995329325,1.0,1.0
315,18,67747.89667258099,13378.888598511454,0.5175075937594587,0.40190673238605146,0.0374110399504,0.0374110399504,1.0,1.0
316,18,71355.2896698317,15851.94172612929,0.3756645608703824,0.26636943946293834,0.4038509576379178,0.4038509576379179,1.0,1.0
317,18,72701.125821967,14566.750246718128,0.4378199110909294,0.3182531312017529,0.0095345250074621,0.0095345250074621,1.0,1.0
318,18,71904.68336325699,15706.87876214393,0.39211929314746863,0.29052310951373517,0.0,0.0,1.0,1.0
319,18,65639.40391700873,13798.6561386739,0.4925094932437068,0.4173790179498445,0.0141416293319173,0.0141416293319173,1.0,1.0
320,18,73860.37434855787,15216.596655201965,0.37421414810341724,0.2739758938109875,0.0321624797180104,0.0321624797180104,1.0,1.0
321,18,79706.51347401661,16673.42200029104,0.3334920147791606,0.24340784525558282,0.0052074394901494,0.0052074394901494,1.0,1.0
322,18,90328.8758202002,20644.236629371488,0.2498334519600587,0.1670377414206701,0.007320434985041,0.007320434985041,1.0,1.0
323,18,79867.07881403131,16398.049162032356,0.34195875176090657,0.2503920603933808,0.0076555829579814,0.0076555829579814,1.0,1.0
324,18,75369.10692538465,15436.810502043372,0.3523916546177738,0.25267305413747404,0.0083767579089241,0.0083767579089241,1.0,1.0
325,18,66685.53567558575,13981.900712888877,0.4701109208552879,0.38918044017283127,0.0341452406970856,0.0341452406970856,1.0,1.0
326,18,73559.46288394378,14954.382519365521,0.3846591316710542,0.2813653322172267,0.0078869755973474,0.0078869755973474,1.0,1.0
327,19,72118.53634099803,15451.345174610162,0.3898183840890704,0.2950548871976472,0.0006408308456822,0.0006408308456822,1.0,1.0
328,19,60411.13219770365,13501.746499280629,0.48806290190672635,0.40169993202751514,0.016335317929454,0.016335317929454,1.0,1.0
329,19,60476.0834769298,14409.172521482418,0.41329256844854523,0.3420084850862745,0.000968907976275,0.000968907976275,1.0,1.0
330,19,63872.066434425964,12853.706370781734,0.5208890425083345,0.4257101872183144,0.0007773433157927,0.0007773433157927,1.0,1.0
331,19,62984.57326681994,14871.210196933353,0.3721187918467829,0.282056871964729,0.0047500626744381,0.0047500626744381,1.0,1.0
332,19,62589.38066942731,13276.282075741194,0.4935115785731758,0.3917264482330456,0.008510549366514,0.008510549366514,1.0,1.0
333,19,63594.952465232534,14300.208318018977,0.44871926220473096,0.35523243605527693,0.0025903387885392,0.0025903387885392,1.0,1.0
334,19,60020.3152740498,14213.124394960369,0.4831716398611958,0.4001246492942876,0.0033612321063578,0.0033612321063578,1.0,1.0
335,19,70432.51343271344,16313.743609483932,0.3651652611489552,0.2792521312549494,0.0017494154245155,0.0017494154245155,1.0,1.0
336,19,67438.64872014955,15956.210719158316,0.3599955344542908,0.28196805674461467,0.0038519848731215,0.0038519848731215,1.0,1.0
337,19,64717.47461745223,15243.919884674384,0.4054360160109632,0.31810437148728893,0.0026647342353322,0.0026647342353322,1.0,1.0
338,19,76547.69237184664,17955.20447632826,0.2946890172540484,0.22113911301312364,0.0010263530902371,0.0010263530902371,1.0,1.0
339,19,66230.68871663282,14339.137924918343,0.46328070804994126,0.3866956527978004,0.0253019426424997,0.0253019426424997,1.0,1.0
340,19,61461.764230807916,12304.06044400186,0.5882101092296145,0.4875946824123069,0.0176474430352616,0.0176474430352616,1.0,1.0
341,19,73175.34609472663,16404.046327430802,0.3307430468575346,0.24087142701668218,0.0,0.0,1.0,1.0
343,19,63753.22879868729,14257.795500450686,0.43622783440911433,0.3508205157819079,0.0067593977534534,0.0067593977534534,1.0,1.0
344,19,67473.31939992459,15170.796668396779,0.3855979499862233,0.30033656805874714,0.0473164613663668,0.0473164613663668,0.5371406623760188,0.5371406623760188
345,19,67473.31939992459,15170.796668396779,0.3855979499862233,0.30033656805874714,0.0473164613663668,0.0473164613663668,0.4628593376239812,0.5371406623760188
346,20,72119.1830962202,13986.227197308928,0.45243134013324804,0.33389031140702125,0.0146746425305279,0.0146746425305279,1.0,1.0
347,20,71653.61722019836,13034.536913951024,0.5086648178160978,0.3964592549271232,0.055078311556312,0.055078311556312,1.0,1.0
348,20,82981.1808188662,13956.50207757283,0.4175509042137524,0.2990967261471041,0.0302080126884087,0.0302080126884087,1.0,1.0
349,20,82289.66393949678,14010.102014180331,0.41893306447388984,0.3010018244517043,0.0843049006681713,0.0843049006681713,1.0,1.0
350,20,75008.93543910056,13454.515507945902,0.46610506422263825,0.34827261849063407,0.1009279313162229,0.1009279313162229,1.0,1.0
351,20,74833.14886849312,14383.886487329646,0.43343818451782906,0.3228002830875282,0.0518351943589628,0.0518351943589628,1.0,1.0
352,20,76729.04887010137,14883.893215494518,0.41405856176329137,0.3121642582221542,0.0593631966535477,0.0593631966535477,0.3742329064033455,0.6257670935966545
364,20,76729.04887010137,14883.893215494518,0.41405856176329137,0.3121642582221542,0.0593631966535477,0.0593631966535477,0.6257670935966545,0.6257670935966545
353,20,57244.5564764253,11552.726424368653,0.6252159654141209,0.5241098447515219,0.0729610642206241,0.0729610642206241,1.0,1.0
354,20,83220.56943948581,15829.183956096611,0.3687041052375801,0.2750356016191697,0.0534475350349126,0.0534475350349126,1.0,1.0
355,20,77866.70011266989,14983.627987340817,0.4014675866055081,0.299827239667459,0.0237603899559278,0.0237603899559278,1.0,1.0
356,20,73566.01422485927,13702.879965836124,0.4660424683021193,0.34459658491671574,0.0178965772208744,0.0178965772208744,1.0,1.0
357,20,79607.89299127233,17560.06228755339,0.3283493343439391,0.2443034031028677,0.0580137109939097,0.0580137109939097,1.0,1.0
358,20,74047.23365008205,13729.652510265261,0.4709877412189496,0.3601828403258593,0.0346368969335992,0.0346368969335992,1.0,1.0
359,20,65916.24565880245,11899.905858222262,0.5854521995699331,0.4679286924627655,0.0308863609432397,0.0308863609432397,1.0,1.0
360,20,87736.75250771063,15569.211843153746,0.3207120157362325,0.21621027840241552,0.0243313404441374,0.0243313404441374,1.0,1.0
361,20,85925.79867318994,16430.769572735793,0.3104155991228576,0.2149206042586018,0.0227149341738173,0.0227149341738173,1.0,1.0
362,20,64952.057904692694,13519.168102076892,0.4975406260708476,0.3926594574287397,0.1217870416092731,0.1217870416092731,1.0,1.0
363,20,68605.5987243644,13484.584928780152,0.49184605256113156,0.38337552308997885,0.0697361651679864,0.0697361651679864,1.0,1.0
365,20,64530.72018776131,14382.261032473818,0.5085041475160497,0.4051794209107752,0.04039819019394,0.04039819019394,1.0,1.0
366,20,80628.5657658112,14507.492423776495,0.4390302616890874,0.33015026205561504,0.017824632446372,0.017824632446372,1.0,1.0
367,20,73496.80882834663,14690.352702501545,0.42702629886402244,0.3157724496353136,0.0184753356783811,0.0184753356783811,1.0,1.0
368,20,82974.14603596492,16966.34377625052,0.353217838951143,0.26042562573627076,0.0149061281441154,0.0149061281441154,1.0,1.0
369,20,80068.44653416135,16791.866439206588,0.3439509417316086,0.25469009033286794,0.0406779030397738,0.0406779030397738,1.0,1.0
370,21,58935.21094679119,15701.969913186324,0.4323279181286204,0.32400611601533236,0.014230605982068,0.014230605982068,1.0,1.0
371,21,67330.24322125273,16528.623870114487,0.402264669752006,0.30903579925261276,0.0090572429235804,0.0090572429235804,1.0,1.0
372,21,61374.24045325759,15702.150609795191,0.4419395086151757,0.34419092628969467,0.0202617713906844,0.0202617713906844,1.0,1.0
373,21,56352.88966590677,14084.644197975238,0.5174350122900933,0.405729486224894,0.0361596525695377,0.0361596525695377,1.0,1.0
374,21,59914.41866966661,14401.60100348075,0.502098581239245,0.40275801913060966,0.005612613809081,0.005612613809081,1.0,1.0
375,21,59362.5292587643,13965.602322083638,0.5235339999699815,0.42336999732920316,0.0256606619598444,0.0256606619598444,1.0,1.0
376,21,57024.313078814026,13689.544325079021,0.5208261088272829,0.4287298476228942,0.0403185949024471,0.0403185949024471,1.0,1.0
377,21,65887.56172184102,15473.095304064309,0.4020804085892421,0.3263436250975117,0.0410020916818398,0.0410020916818398,1.0,1.0
378,21,68784.58872146101,15182.519498326294,0.42650203851997065,0.33947619336386664,0.0144748311055139,0.0144748311055139,1.0,1.0
379,21,72033.49973312621,16325.787674243402,0.37666017165548216,0.29455227394880207,0.026716744286486,0.026716744286486,1.0,1.0
380,21,81204.12347006597,18553.159161898722,0.2575310190969055,0.1788797060350301,0.0352804285248351,0.0352804285248351,1.0,1.0
381,21,71708.16857661774,16697.034420274882,0.36572247941067343,0.28397774137912113,0.0292409425213167,0.0292409425213167,1.0,1.0
382,21,69782.38718714059,15852.373737054364,0.41587137228686777,0.3313491574035039,0.0231600471604727,0.0231600471604727,1.0,1.0
383,21,59410.266023273616,14699.620691277047,0.47328296459762453,0.37943732714371475,0.0145158815405861,0.0145158815405861,1.0,1.0
384,21,65916.79189687423,16306.919107961496,0.43961969112781285,0.33766522252141906,0.0090707643297182,0.0090707643297182,1.0,1.0
385,21,62990.262737705445,15509.3034782614,0.3948233197743809,0.30537633015257676,0.0320978063554653,0.0320978063554653,1.0,1.0
386,21,70586.06819309675,15458.49997130788,0.4182942889980049,0.32312880835545477,0.0267510281773271,0.0267510281773271,1.0,1.0
387,21,69367.47018953126,15561.212713978708,0.38417357715529604,0.29600296739026,0.0157971823127354,0.0157971823127354,1.0,1.0
388,21,71304.0642461796,16342.482917761956,0.3547240931512606,0.25357440863555436,0.0263090223575984,0.0263090223575984,1.0,1.0
389,21,53814.344755990925,12378.8924666473,0.5968049062245867,0.48914351718105153,0.0386807873789069,0.0386807873789069,1.0,1.0
390,21,50107.86798100944,12134.948160349713,0.6106252406315139,0.5196143614449873,0.0297610130275365,0.0297610130275365,1.0,1.0
391,21,55243.0427504797,14109.413773069555,0.4793756555073239,0.36648398977120517,0.0538624987521926,0.0538624987521926,1.0,1.0
392,21,59413.2298659298,15396.221358339242,0.43183395264455776,0.33404219378281064,0.0376069627054023,0.0376069627054023,1.0,1.0
393,21,54190.824165378115,14246.18577894617,0.4921810796779448,0.38271295477414763,0.0591781848643166,0.0591781848643166,1.0,1.0
394,21,56476.54439793059,14439.502998877379,0.4749101242079049,0.3686959759024384,0.028780486112075,0.028780486112075,1.0,1.0
395,21,53825.12056327564,14328.862143306265,0.4920146712113156,0.3858916489989177,0.0269685101609614,0.0269685101609614,1.0,1.0
396,21,52402.74140027895,13106.567647199361,0.5744694247208303,0.45129256568358156,0.0186370585118369,0.0186370585118369,1.0,1.0
397,21,53754.55997792828,12558.014483574661,0.5793042660795831,0.4672981180981298,0.0307000399710232,0.0307000399710232,1.0,1.0
398,21,52848.187033173745,13684.096723944178,0.5510933848207198,0.43010629168015885,0.0246159874744035,0.0246159874744035,1.0,1.0
399,21,54969.273337892395,13299.61615476102,0.5282428898531845,0.4322047346594998,0.0443650827443299,0.0443650827443299,1.0,1.0
400,22,57093.119639339646,14736.671969436053,0.505865574742027,0.409784922869729,0.0201932022097888,0.0201932022097888,1.0,1.0
401,22,55483.67726544791,13140.437822069738,0.5681073768001849,0.46740411677925753,0.0152397418001715,0.0152397418001715,1.0,1.0
402,22,54333.246227973534,12829.116896672984,0.5944465646530932,0.49208856441294974,0.013852415373925,0.013852415373925,1.0,1.0
403,22,59760.42728442273,15315.390734804047,0.47032413792687366,0.3773655656570338,0.05863673596317,0.05863673596317,1.0,1.0
404,22,53782.55010732474,13226.720842895807,0.5832218864868094,0.4792446443502945,0.0429433813375419,0.0429433813375419,1.0,1.0
405,22,59726.16677057464,14128.33778296051,0.5177100269878454,0.41722400714995933,0.0283175802318293,0.0283175802318293,1.0,1.0
406,22,55939.48857462352,13602.552560036704,0.5518654568174465,0.4537246944827828,0.0666779583608694,0.0666779583608694,1.0,1.0
407,22,58993.82054511289,13846.574652564961,0.5284291967999319,0.43104374780325466,0.0575666105768903,0.0575666105768903,1.0,1.0
408,22,64156.18654783875,13854.903222229012,0.4998782118745533,0.3974061998406658,0.070810147862482,0.070810147862482,1.0,1.0
409,22,71215.39979305543,16006.154167829982,0.41561046925249295,0.32463184380481097,0.0726280858644062,0.0726280858644062,1.0,1.0
410,22,63519.85857008407,14475.519923579437,0.48490902577954703,0.38886394550081654,0.059043247204217,0.059043247204217,1.0,1.0
411,22,58603.55549214459,14765.075181200586,0.48345820827186575,0.37652933255561105,0.0468101099931843,0.0468101099931843,1.0,1.0
412,22,68756.13305214197,15630.959955436581,0.417340163581506,0.32493632546391477,0.0779112984294159,0.0779112984294159,1.0,1.0
413,22,60162.26752304459,13748.258892361919,0.5327356423156949,0.43841662372606943,0.0173167901454966,0.0173167901454966,1.0,1.0
414,22,60759.59437770891,14315.868173424926,0.5054993132732368,0.3954813915409436,0.0215174980835529,0.0215174980835529,1.0,1.0
415,22,52841.65334393838,10958.311423329229,0.6937103480749297,0.592229008734904,0.0445401566508656,0.0445401566508656,1.0,1.0
416,22,54687.76287451303,13547.380099035578,0.5380297611590414,0.4400839894394281,0.023639418845235,0.023639418845235,1.0,1.0
417,22,53587.64830572224,12465.478341605309,0.6077301725819237,0.507910318878416,0.0366086070114789,0.0366086070114789,1.0,1.0
418,23,73711.52168187241,16491.635096847527,0.39147203215153525,0.3061181045001993,0.0010783639874661,0.0010783639874661,1.0,1.0
419,23,94139.14054154445,19508.912266985542,0.2507838476541976,0.18321500424192919,0.0015218908892496,0.0015218908892496,1.0,1.0
420,23,100898.71053999162,22285.540705141495,0.21762341652430184,0.15446965735500584,0.0151785355760214,0.0151785355760214,1.0,1.0
421,23,92961.00188256188,19658.60984829348,0.2556135436735406,0.18361513774430913,0.0113090245356376,0.0113090245356376,1.0,1.0
422,23,91135.59428132314,19658.534996021746,0.25492158913904295,0.1845198710045325,0.0074193249687485,0.0074193249687485,1.0,1.0
423,23,80571.2352953184,18932.452805951107,0.30777411394904713,0.22995600171867941,0.0226040749964875,0.0226040749964875,1.0,1.0
424,23,72133.59919600195,17748.724183165676,0.39595555989259373,0.30892171804662927,0.010428405420261,0.010428405420261,1.0,1.0
425,23,69522.43212528688,15201.609336243873,0.4504869514971481,0.35412422382831,0.0198935130072123,0.0198935130072123,1.0,1.0
426,23,60166.81649562963,14624.861121555256,0.5082463644026789,0.4153116318188491,0.0190948007428312,0.0190948007428312,1.0,1.0
427,23,63570.48574265989,15121.0107876102,0.4722381174841299,0.3839098116060747,0.0436543444122223,0.0436543444122223,1.0,1.0
428,23,59695.81251785653,14904.623307250391,0.46722650261488136,0.37597714156791584,0.0165636085976867,0.0165636085976867,1.0,1.0
429,23,68934.25488443639,15998.342223504365,0.4358592908182516,0.3458716774570918,0.0486663851076962,0.0486663851076962,1.0,1.0
430,23,74490.73179125872,18107.416586450407,0.3853166127577465,0.30653099328283084,0.0666554614509264,0.0666554614509264,1.0,1.0
431,23,58196.659724610836,14442.069747034568,0.545741793747754,0.4512065890752023,0.086386728913881,0.086386728913881,1.0,1.0
432,23,82676.72273104981,18566.701573903487,0.26554590002153106,0.19664037474897125,0.0420479411607731,0.0420479411607731,1.0,1.0
433,23,78278.80498578108,17239.322771193663,0.3115154029629689,0.22956691934624535,0.0128019480488931,0.0128019480488931,1.0,1.0
434,23,71189.44669982845,15219.58577046959,0.4239808363814441,0.33734431133086595,0.0210217658557818,0.0210217658557818,1.0,1.0
435,23,82027.14661867596,19764.202298149565,0.3223719609467996,0.24346069970382164,0.0,0.0,1.0,1.0
436,23,78419.88591166072,16419.145843295806,0.35686906050468087,0.2691151184987629,0.0012385851256589,0.0012385851256589,1.0,1.0
437,23,77994.62585169343,15989.4292270719,0.3966692959198448,0.32005909491534174,0.0158486486875379,0.0158486486875379,1.0,1.0
438,23,71103.60783402696,16426.15385409424,0.4822565268410255,0.40359183309559293,0.022497816731845,0.022497816731845,1.0,1.0
439,23,95528.90872676915,19398.98093348325,0.28237118302421377,0.21804198609783668,0.0084641950180686,0.0084641950180686,1.0,1.0
440,23,65435.654953518,13409.353332220051,0.5369773939884389,0.4607856675021874,0.0348337875351768,0.0348337875351768,1.0,1.0
441,23,61745.092873800444,11755.497109555474,0.639359612046037,0.5567390870899832,0.0141266123545876,0.0141266123545876,1.0,1.0
442,23,60420.15862590009,16996.94680902071,0.4356103248261101,0.3459482720572996,0.0730417053673632,0.0730417053673632,1.0,1.0
443,23,71459.88511092786,18216.37137794276,0.42715007263254623,0.3468202827093173,0.021971718738413,0.021971718738413,1.0,1.0
444,23,76658.97390430864,16527.520111356742,0.395502064648913,0.3137967153408936,0.0556507565912645,0.0556507565912645,1.0,1.0
445,23,74507.99257617879,15777.456208412155,0.42739904204120327,0.3480681192169297,0.0053891821201087,0.0053891821201087,1.0,1.0
446,23,70104.1416903549,15249.976894093732,0.47808887448214304,0.398175675655099,0.0434042164151523,0.0434042164151523,1.0,1.0
447,23,64201.17669254758,13486.271486449845,0.5421096805762188,0.44211341113671127,0.0508667196857396,0.0508667196857396,1.0,1.0
448,23,82713.0550133613,18882.269581467735,0.40512914016193186,0.33704932647656377,0.0123054482255636,0.0123054482255636,1.0,1.0
449,23,77488.79889304165,17880.594956580593,0.40416341525193256,0.3330933421023944,0.0126890495722158,0.0126890495722158,1.0,1.0
450,23,60325.55221670502,13828.348005803262,0.5276210441587741,0.43569433195176455,0.1275441201206807,0.1275441201206807,1.0,1.0
451,23,62884.281089205426,15086.166435991501,0.4830887740796706,0.3996830324354956,0.1698374305525015,0.1698374305525015,1.0,1.0
452,23,62046.968126648295,14938.786245488589,0.5048360558713215,0.41620681449934455,0.1568792116301217,0.1568792116301217,1.0,1.0
453,23,53204.12325388212,13046.231484382766,0.589117614238676,0.4836556654947121,0.113375959155378,0.113375959155378,1.0,1.0
454,23,54239.653623846796,13834.225461607759,0.5492154930341059,0.44360650280681535,0.0696278641226062,0.0696278641226062,1.0,1.0
455,23,65996.58958171023,14093.613346905295,0.5130142690799405,0.42181292923965813,0.0143630193871753,0.0143630193871753,1.0,1.0
456,23,59057.71012600081,14416.916055583937,0.5156354215625008,0.42025978434008643,0.1426877467103232,0.1426877467103232,1.0,1.0
457,23,58787.426563485504,13837.65451162608,0.5076381009512287,0.40804112520151775,0.0538890589629084,0.0538890589629084,1.0,1.0
458,23,71978.27624361787,15471.783159495197,0.4552269800797629,0.3684603789737927,0.0209863012518787,0.0209863012518787,1.0,1.0
459,23,74768.35328664439,16010.751613248869,0.4127263118058364,0.32267933599964094,0.0090904225853248,0.0090904225853248,1.0,1.0
460,23,57451.70900393334,14227.374159747826,0.529131718924196,0.43341353070644484,0.0827443136912068,0.0827443136912068,1.0,1.0
461,23,61150.387997495964,14745.548554223518,0.48432469419284996,0.38078870597705633,0.1041625306068426,0.1041625306068426,1.0,1.0
462,23,66008.77486829211,14665.566707972912,0.5011408631661141,0.4074235352236613,0.0570396706876407,0.0570396706876407,1.0,1.0
463,23,61227.35193977576,13631.898257334915,0.551833287316228,0.4637801827836549,0.0490884268518645,0.0490884268518645,1.0,1.0
464,23,60471.5626340029,12147.563914731996,0.6301684456980147,0.5403260609318827,0.0591577221308269,0.0591577221308269,1.0,1.0
465,23,56537.19335602168,10278.226962031193,0.7487460589848345,0.6741346419261386,0.0213476206421847,0.0213476206421847,1.0,1.0
466,23,67260.35402790239,14387.854224352044,0.4792678792813775,0.3968506169034612,0.0182253420582986,0.0182253420582986,1.0,1.0
467,23,66228.46045615601,13495.432481887136,0.5363522398794187,0.45161888460339894,0.0140164000321568,0.0140164000321568,1.0,1.0
468,24,94965.37412787174,21068.822718005784,0.243163036040446,0.16155243475659326,2.2730005660553942e-05,2.2730005660553942e-05,1.0,1.0
469,24,84159.93845442736,15465.72525086381,0.4155376714472189,0.3131603850704493,0.0,0.0,1.0,1.0
470,24,88760.31177206499,18498.276594139676,0.31126815964809634,0.22749378408517895,0.0,0.0,0.4113410031094838,0.5886589968905163
471,24,88760.31177206499,18498.276594139676,0.31126815964809634,0.22749378408517895,0.0,0.0,0.5886589968905163,0.5886589968905163
472,24,86411.95207206787,17605.03226873614,0.39198416745218123,0.30969883316927477,0.0008925505685832,0.0008925505685832,1.0,1.0
473,24,94527.10417090147,19888.815523210254,0.26355953578001284,0.1874535881189899,0.0,0.0,1.0,1.0
474,24,84678.58432075258,17585.14293959152,0.32792888478870047,0.24989274769946349,0.0,0.0,1.0,1.0
475,24,89668.33587408127,18873.9975469361,0.29567254721230957,0.21485233639382956,0.0014586866896626,0.0014586866896626,1.0,1.0
476,24,114671.80291856658,23441.859339627776,0.15086589403791295,0.10278193927080437,0.0,0.0,1.0,1.0
477,24,106153.45069527815,23370.97416513391,0.15998812643189353,0.10749143657813316,0.0003818161328249,0.0003818161328249,1.0,1.0
478,24,94214.98745243829,20621.625032211658,0.1886612441796555,0.12913929118376158,0.0,0.0,1.0,1.0
479,24,99714.08086606425,20062.451551025082,0.2100453591836426,0.14489035463530536,0.0004208703795456,0.0004208703795456,1.0,1.0
480,24,104076.99415482422,21209.97511363055,0.2305480936673994,0.1675890359923854,0.0,0.0,1.0,1.0
481,24,101277.09150581885,20433.22406187968,0.21925044673134278,0.15413832343231504,0.0,0.0,1.0,1.0
482,24,82630.57983689947,17615.01038961604,0.3562955900174479,0.2731985732135884,0.0,0.0,1.0,1.0
483,24,72947.83478553244,15277.529315227273,0.4563675161304118,0.36534536613857505,0.0024996115468541,0.0024996115468541,1.0,1.0
484,24,72433.88696924798,13861.319059693704,0.5128088919574694,0.40924576735180795,0.0040677079052058,0.0040677079052058,1.0,1.0
485,24,71697.36846881619,11629.07397749737,0.6272065686350956,0.503312202648821,0.0,0.0,1.0,1.0
486,24,81749.2190885122,19320.215037761318,0.3472655265391966,0.26280030442824626,0.0001681068454726,0.0001681068454726,1.0,1.0
487,24,58569.46984889513,12472.330429515458,0.6068234762134056,0.5355881911954412,0.0008894355868855,0.0008894355868855,1.0,1.0
488,24,85396.6451475377,19035.103898950572,0.3149685006763119,0.2442891635458561,0.0,0.0,1.0,1.0
489,24,56824.64644287671,11058.89310895735,0.6897287940280079,0.6187333180165303,0.0,0.0,1.0,1.0
490,24,87867.17181691133,20113.445532387417,0.2909142602185252,0.22070738281542532,0.0,0.0,1.0,1.0
491,24,84586.41331405123,18389.3276202413,0.3333555357104804,0.26181801011142314,0.0,0.0,1.0,1.0
492,24,92749.08103021362,21561.796247917577,0.28908783173806624,0.23073743295381635,0.0022733378296887,0.0022733378296887,1.0,1.0
493,24,70594.71657566371,15934.059918642923,0.4081272876630675,0.33100416966858554,0.0032493282110138,0.0032493282110138,1.0,1.0
494,25,109855.48873873876,21596.964408447173,0.132288413541811,0.0742111975860465,0.0,0.0,1.0,1.0
495,25,118917.29674153979,26818.88092380824,0.09362632298200324,0.05876856638771211,0.0,0.0,1.0,1.0
497,27,54365.19269261562,11321.5743406772,0.6833070347166134,0.6101413383584638,0.0111660587942638,0.0111660587942638,1.0,1.0
498,27,72594.41249239104,14921.05045386365,0.45132947223547015,0.36346291041484535,0.0113087619760701,0.0113087619760701,1.0,1.0
499,27,71446.64021854181,16128.063858517571,0.40102894015120266,0.31180194483056195,0.0027001883481816,0.0027001883481816,1.0,1.0
500,27,73906.29279288049,16716.591242499122,0.33814976107946976,0.253520762769461,0.0093742116169741,0.0093742116169741,1.0,1.0
501,27,70749.82495699234,16543.117961024716,0.3662553921668748,0.2861903916877024,0.0332966234525871,0.0332966234525871,1.0,1.0
502,27,73764.05162603306,16692.457203293405,0.3427918370054095,0.24970378589177394,0.0125519022629538,0.0125519022629538,1.0,1.0
503,27,65688.40043293075,15728.915922244789,0.4169247001613629,0.33000497058641776,0.0229715669867185,0.0229715669867185,1.0,1.0
504,27,78275.60048559462,19051.61448824458,0.24359467427789258,0.1675377498331123,0.0897770190341822,0.0897770190341822,1.0,1.0
505,27,78953.87808478768,18171.066753010353,0.3094827294534944,0.23598330680806212,0.0617482511318399,0.0617482511318399,1.0,1.0
506,27,71025.1353390407,17055.551505389984,0.35102051180659954,0.26520158453306286,0.0295343108091749,0.0295343108091749,1.0,1.0
507,27,66573.12936725405,15712.240638295807,0.42278261561459074,0.33043974204949855,0.0729342307927304,0.0729342307927304,1.0,1.0
508,27,62753.305055465076,15376.194310178205,0.4662653738397662,0.3635086925430493,0.0236074851111467,0.0236074851111467,1.0,1.0
509,27,67187.35104201308,17080.35870135415,0.36676481432142327,0.2784729426989781,0.0208862721660768,0.0208862721660768,1.0,1.0
510,27,69322.87330744202,16862.0890437386,0.3544781126725039,0.261109438526061,0.0580702282913906,0.0580702282913906,1.0,1.0
511,27,77185.96646448766,16211.168743337797,0.32599022891961893,0.23465075471939123,0.019435775359423,0.019435775359423,1.0,1.0
512,27,74168.77884663024,15330.774482999283,0.37517835526461746,0.281608022150856,0.0046194117435,0.0046194117435,1.0,1.0
513,27,78398.31020628028,16154.749659615181,0.30459780903987405,0.2109639140260395,0.0042541933853491,0.0042541933853491,1.0,1.0
514,27,83952.32370065278,17338.331337094543,0.27080334536975487,0.1901934271979544,0.0043019264461623,0.0043019264461623,1.0,1.0
515,27,86275.60018195295,17817.231803639454,0.26057188066815035,0.18493140992592785,0.0065143058134304,0.0065143058134304,1.0,1.0
516,27,79667.70260870144,15952.58519072844,0.4009653184137138,0.3310697197022679,0.0065154449779959,0.0065154449779959,1.0,1.0
517,27,77418.16886492014,17087.865264513228,0.4238181138313741,0.35570308979476883,0.0162677226602553,0.0162677226602553,1.0,1.0
520,27,88791.64597911586,20376.615840101582,0.25539353573476703,0.1942209385302531,0.0009915835589436,0.0009915835589436,1.0,1.0
521,27,111937.29855909766,23863.84206706769,0.1342759543625972,0.09299457531008246,0.0077879934511908,0.0077879934511908,1.0,1.0
522,27,91946.757235255,19115.526291350532,0.23616380101913007,0.1733650997166971,0.0076382534618798,0.0076382534618798,1.0,1.0
523,27,84371.81443693221,19669.916825399363,0.24674781852065095,0.17301874177867738,0.0151481274185065,0.0151481274185065,1.0,1.0
524,27,85912.92825656527,17452.805213741573,0.29464932790099785,0.21121044459845137,0.001328984657908,0.001328984657908,1.0,1.0
525,27,82902.75485291642,18109.78979348007,0.24513351761703714,0.16859700226638225,0.0081437306713528,0.0081437306713528,1.0,1.0
526,27,86787.16980223378,18508.326145246214,0.2586665789740321,0.18616239954019279,0.0108577037789536,0.0108577037789536,1.0,1.0
527,27,94787.85719209918,20595.495390196615,0.18793208482950446,0.12775338776334869,0.0176952637152779,0.0176952637152779,1.0,1.0
528,27,75556.51302915742,18445.758012335446,0.3148344711661977,0.2301717803042463,0.0136885742067538,0.0136885742067538,1.0,1.0
529,27,82214.48390880786,20401.388239814452,0.24205855386294972,0.1674433332468122,0.0062950669566212,0.0062950669566212,1.0,1.0
530,27,93924.20155488397,20419.151744018913,0.19412319754729163,0.13201879382083181,0.0033095338156728,0.0033095338156728,1.0,1.0
531,27,96983.39364805991,20802.937392348194,0.18516660914552827,0.1261003531749586,0.0045068780180198,0.0045068780180198,1.0,1.0
532,28,83094.31087256089,20327.64148652379,0.1502306459623179,0.08817675193042657,0.0011691183151772,0.0011691183151772,1.0,1.0
533,28,115410.9772723431,27831.5468262524,0.09175467012047352,0.05810529889955317,0.0008441320595446,0.0008441320595446,1.0,1.0
534,28,86499.6471141875,22764.929329253773,0.06691346475770997,0.034565211201760086,0.0010261787073051,0.0010261787073051,1.0,1.0
535,28,105591.82823279122,23618.62858173946,0.11519388407106512,0.06755401357402392,0.0018382791486312,0.0018382791486312,1.0,1.0
537,28,95673.60214953998,21665.541746391682,0.09141797553849079,0.04996358147053229,0.0036847833597135,0.0036847833597135,1.0,1.0
538,28,94541.03858240701,21295.859835864452,0.12393247966621673,0.07209497377401938,0.0003941560416749,0.0003941560416749,1.0,1.0
539,28,90253.22217394992,22722.35675803612,0.08445443344909703,0.04483415724335839,0.0,0.0,1.0,1.0
540,28,80158.71041332994,21087.83555375291,0.10785907098616175,0.06179410697139237,0.0004293236802959,0.0004293236802959,1.0,1.0
541,28,85208.20314653339,23729.92774123179,0.08616282144096192,0.04783497030989893,0.0896972578041419,0.0896972578041419,1.0,1.0
542,28,82782.95064208726,20961.170456975364,0.12530871333370103,0.06973355406783402,0.0028507627257368,0.0028507627257368,1.0,1.0
543,28,76880.19771466637,19414.543982639065,0.1834651028282398,0.10712767371645536,0.0017269442689565,0.0017269442689565,1.0,1.0
544,28,74087.309883744,19083.30970125737,0.22024820975830525,0.15126094942121504,0.0146571533623368,0.0146571533623368,1.0,1.0
545,28,77252.98756056096,22109.349527011847,0.12032828746040326,0.06878734070506849,0.0028664248120731,0.0028664248120731,1.0,1.0
546,28,81900.59209184622,23081.765307933372,0.0966409399674905,0.05790452390380707,0.0041998741124656,0.0041998741124656,1.0,1.0
547,28,79467.70856345158,22639.826854283576,0.1116485856256185,0.06651994533791768,0.0,0.0,1.0,1.0
548,28,81346.00042490973,21890.853735704226,0.11825763890982795,0.06960846673497906,0.0,0.0,1.0,1.0
549,28,86327.60400229254,22134.28533860974,0.12236891625079736,0.06661543520499746,3.5859789686010224e-05,3.5859789686010224e-05,1.0,1.0
550,28,83234.36894616512,22729.501030386975,0.10300890184966695,0.05540189952660338,0.0039303356669058,0.0039303356669058,1.0,1.0
551,28,96600.61116575704,25278.737729628596,0.06375369387745008,0.032948231966039965,0.0004991233817237,0.0004991233817237,1.0,1.0
552,28,90542.82096310539,20866.109618656486,0.13735550345667522,0.08401148999534737,0.0,0.0,1.0,1.0
553,28,88616.50303005589,21112.866616500454,0.1151687791799114,0.06506154958273098,0.0,0.0,1.0,1.0
554,28,96494.29944653412,24169.14605666116,0.07097446377986144,0.0351225209099104,0.0069467335535862,0.0069467335535862,1.0,1.0
555,29,84657.33753752959,18008.643721607015,0.2405502084801023,0.15805151494435027,0.0035710022177596,0.0035710022177596,1.0,1.0
556,29,85917.17851082027,17885.026687039917,0.26931768127697,0.18153684940465795,0.0012183548957895,0.0012183548957895,1.0,1.0
557,29,86774.02030149897,17315.118482182796,0.2643200712922146,0.169307135406732,0.0071107402439963,0.0071107402439963,1.0,1.0
558,29,86170.00381971897,17318.534643675117,0.29932050293874785,0.17002593953022843,0.0,0.0,1.0,1.0
559,29,90293.2126999183,20207.750364548392,0.25547651548270356,0.1696194509548782,0.022529587115145,0.022529587115145,1.0,1.0
560,29,82851.83225790135,16471.397065503552,0.324744178649168,0.21700125216182786,0.03030143156642,0.03030143156642,1.0,1.0
561,29,78569.46641027222,16405.34549583477,0.3113245805292722,0.21755640190316403,7.296489950570084e-06,7.296489950570084e-06,1.0,1.0
562,29,77841.44531438092,16389.384587545184,0.3015945282100324,0.21010919545712572,1.2539436528014036e-06,1.2539436528014036e-06,1.0,1.0
563,29,85202.28466990445,19355.61610658364,0.22421988394128342,0.1497483122439248,0.0086447689424742,0.0086447689424742,1.0,1.0
564,29,78615.98787967695,16829.58235973871,0.267067862258315,0.17922788847065763,0.0018314767660064,0.0018314767660064,1.0,1.0
565,29,86865.8525669735,17582.774883641272,0.25119335512251145,0.16680182436468005,0.0109608994254598,0.0109608994254598,1.0,1.0
566,29,80782.40904417502,17346.21206169669,0.2633677770387522,0.17902728308049692,0.0416054162534221,0.0416054162534221,1.0,1.0
567,29,84171.81712336848,18128.462129983698,0.24022300047114453,0.15999808251259304,0.0227643721510353,0.0227643721510353,1.0,1.0
568,29,86999.90579855366,20039.192690642507,0.16355611805909528,0.10017928243906699,0.0296503357761468,0.0296503357761468,1.0,1.0
569,29,98027.74922671722,19706.499238866054,0.2544274922026032,0.1746981961013378,0.0,0.0,1.0,1.0
570,29,91934.92756850504,22160.051490369737,0.13110007405199994,0.07796316246432516,0.0475940310734117,0.0475940310734117,1.0,1.0
571,29,85985.80511719317,20258.33158387935,0.16442717167489995,0.10392590119470838,0.0832327676977088,0.0832327676977088,1.0,1.0
572,29,100987.07869559612,24696.244515760336,0.09048870871722212,0.052467704121130464,0.0370143883653986,0.0370143883653986,1.0,1.0
573,29,84082.07250538311,20337.425911822156,0.1669327649056201,0.10322980974592944,0.0403878170731136,0.0403878170731136,1.0,1.0
574,29,85302.65145352886,20940.44297431603,0.13515077576043052,0.07936124559890169,0.1039311031694885,0.1039311031694885,1.0,1.0
575,29,100405.153201389,21016.720834248103,0.17497317561567324,0.10940225920918047,0.0,0.0,1.0,1.0
576,29,102221.93024700804,26319.952907556217,0.1318061519170301,0.08537816091051041,0.0138998291558525,0.0138998291558525,1.0,1.0
577,29,82481.44592753606,19011.201705670996,0.1969162676850325,0.1259271370426828,0.0417761662776511,0.0417761662776511,1.0,1.0
578,29,77594.56812882307,18520.524017450425,0.21411986324140989,0.1381215317808879,0.0071398423063144,0.0071398423063144,1.0,1.0
579,29,95955.28143933696,18616.624830072415,0.2067674345484355,0.1282484701937737,0.0057708252083603,0.0057708252083603,1.0,1.0
580,29,89268.9182049802,17163.623327398625,0.301783755451932,0.19678785339439156,0.0037374396231519,0.0037374396231519,1.0,1.0
581,29,95017.71841653058,20576.03062743383,0.14957700710100172,0.09422579338306487,0.0633638415340689,0.0633638415340689,1.0,1.0
582,29,93169.19747336423,21351.348326942876,0.12710063081346074,0.07961125006328987,0.0536414831850593,0.0536414831850593,1.0,1.0
583,29,101027.25267255516,23734.98733438693,0.1037133714519294,0.06423841849188498,0.0541929355464504,0.0541929355464504,1.0,1.0
584,29,83165.3086555428,21446.22282100752,0.16270506706773744,0.10101102022793446,0.0462094279259324,0.0462094279259324,1.0,1.0
585,30,128337.2897658551,30031.46764392824,0.07444772571998985,0.047362487696290326,0.0,0.0,1.0,1.0
586,30,131966.10074640438,32257.752286028768,0.06911408679284611,0.04463552759871688,0.0,0.0,1.0,1.0
602,33,90492.61900662143,23321.861692440118,0.11987045398160785,0.0762171993900989,0.0166060248871093,0.0166060248871093,1.0,1.0
604,33,93360.69109465595,23697.73649572634,0.10213699507919351,0.06164742666510476,0.0381323309012299,0.0381323309012299,1.0,1.0
605,33,87590.67007706483,20794.367905780367,0.14596187173265202,0.09078256043903281,0.0055577834030927,0.0055577834030927,1.0,1.0
606,33,84331.26905085907,20108.94253939173,0.15400879927432515,0.09477435233038999,0.0046443274634123,0.0046443274634123,1.0,1.0
607,33,85114.39980839034,20009.733753077922,0.16405952113602087,0.1003375584389365,0.0031522301207378,0.0031522301207378,0.6307861156826184,0.6307861156826184
617,33,85114.39980839034,20009.733753077922,0.16405952113602087,0.1003375584389365,0.0031522301207378,0.0031522301207378,0.3692138843173815,0.6307861156826184
608,33,89788.82864043798,23630.223137818673,0.0825539400113243,0.047345961499795426,0.0025803104803815,0.0025803104803815,1.0,1.0
609,33,98299.70982405476,28149.322369888036,0.04935145560378282,0.0294001508944424,0.0254823984255819,0.0254823984255819,1.0,1.0
610,33,90613.06527864253,27004.793504749046,0.06960571924491071,0.043649710724749546,0.0145067326891992,0.0145067326891992,1.0,1.0
611,33,80772.99487453824,22183.879848945144,0.09998014996402271,0.058411820215537966,0.0,0.0,1.0,1.0
612,33,85809.7060076851,22316.06588852676,0.11201642729170203,0.06859493467292342,0.0017155729488398,0.0017155729488398,1.0,1.0
613,33,86497.35897899511,22855.31296186787,0.11031911071339313,0.06669880099823898,0.0,0.0,1.0,1.0
614,33,86073.95159779103,21973.69463702162,0.12349034852745709,0.07415620908014507,0.0034379454104259,0.0034379454104259,1.0,1.0
615,33,83599.66318801275,22501.16350930862,0.10561317734541714,0.061691295576742036,0.0,0.0,1.0,1.0
616,33,79800.91384863466,20444.85184906619,0.15234103774730115,0.09349668644478151,0.0,0.0,1.0,1.0
618,33,82134.79333181985,21185.880433682538,0.143193531479888,0.09115960747368645,0.0071375734327294,0.0071375734327294,1.0,1.0
619,33,77501.86351851738,20080.973570500177,0.18093898323756402,0.1260467445915318,0.0067562062709516,0.0067562062709516,1.0,1.0
620,33,83186.32291881861,20941.825584993712,0.15393486017505603,0.09895599724872003,0.009294764787579,0.009294764787579,1.0,1.0
621,33,85194.0289249314,19911.3446811469,0.14385657785632863,0.08412944207639032,0.0087834708534851,0.0087834708534851,1.0,1.0
622,33,83880.2137394724,21222.343291828838,0.13950846086890267,0.08263809522096206,0.0,0.0,1.0,1.0
623,33,85436.37698508188,22354.79746058473,0.10687977201568262,0.06349536680115234,0.0186822622164066,0.0186822622164066,1.0,1.0
624,33,82027.65844049696,22738.125399840443,0.08953170290642103,0.0488293433439533,7.299041740094214e-05,7.299041740094214e-05,1.0,1.0
625,33,80825.61266918873,22501.09324150096,0.10753255724872181,0.06580001478721677,0.000631975901761,0.000631975901761,1.0,1.0
626,33,80210.40514264235,19743.258123665535,0.1523646871344836,0.09087859707536061,0.0033338778419638,0.0033338778419638,1.0,1.0
627,33,82737.6071387812,22048.23350441028,0.12079099192236303,0.07212283063904179,0.0176751311580147,0.0176751311580147,1.0,1.0
628,33,84851.06145157733,22388.5297826156,0.10848063869040062,0.06495052520221367,5.973009703252874e-05,5.973009703252874e-05,1.0,1.0
629,33,100624.6660337555,26113.969905461057,0.05798777193215719,0.03290072485401953,0.0142208051498614,0.0142208051498614,1.0,1.0
630,33,88998.69874648322,22001.298474353567,0.10920211738495898,0.06624323145770936,0.0139389741486486,0.0139389741486486,1.0,1.0
631,33,89660.91608169317,20990.08544705941,0.14723243669884215,0.09328329716865776,0.0471695123345959,0.0471695123345959,1.0,1.0
632,33,92642.8913404108,26764.901463294183,0.07506107374689922,0.04679000391422823,0.0002669510967041,0.0002669510967041,1.0,1.0
633,33,87981.25897815662,26060.1175358453,0.0722927473348691,0.04606249357330755,0.0144633124587004,0.0144633124587004,1.0,1.0
635,34,95278.47043301424,23253.058558503384,0.14279410271778636,0.10105186776644683,0.0,0.0,1.0,1.0
637,34,101406.54538448945,25276.17602990431,0.10798436369815505,0.07640546581673605,0.0,0.0,1.0,1.0
638,35,86219.00556758638,22059.474154984946,0.22977314560839,0.17263602050255897,0.0274415069757342,0.0274415069757342,1.0,1.0
639,35,92533.68773604812,23391.57946142931,0.2127499019404686,0.1487502813467806,0.0021583573150812,0.0021583573150812,1.0,1.0
640,35,106724.42942682105,26561.44041724573,0.10834197541244892,0.0706706711316041,0.0111607372041685,0.0111607372041685,1.0,1.0
